TipoDoc,NumDoc,NombreCompleto,FechaNac,Seguidores
TI,109234566,Fran Barrera,29/09/2021,1000
CC,80217951,Andres Barrera,23/09/1980,100000
CC,80223799,Edgar Barrera,20/04/1983,0
CC,432545,Juliana Correa,29/09/2021,1500000
TI,109234566,Fran Barrera,29/09/2021,1000
CC,80217951,Andres Barrera,23/09/1980,100000
CC,80223799,Edgar Barrera,20/04/1983,0
CC,432545,Juliana Correa,29/09/2021,1500000
TI,109234566,Fran Barrera,29/09/2021,1000
CC,80217951,Andres Barrera,23/09/1980,100000
CC,80223799,Edgar Barrera,20/04/1983,0
CC,432545,Juliana Correa,29/09/2021,1500000
TI,109234566,Fran Barrera,29/09/2021,1000
CC,80217951,Andres Barrera,23/09/1980,100000
CC,80223799,Edgar Barrera,20/04/1983,0
CC,432545,Juliana Correa,29/09/2021,1500000
TI,109234566,Fran Barrera,29/09/2021,1000
CC,80217951,Andres Barrera,23/09/1980,100000
CC,80223799,Edgar Barrera,20/04/1983,0
CC,432545,Juliana Correa,29/09/2021,1500000
TI,109234566,Fran Barrera,29/09/2021,1000
CC,80217951,Andres Barrera,23/09/1980,100000
CC,80223799,Edgar Barrera,20/04/1983,0
CC,432545,Juliana Correa,29/09/2021,1500000
TI,109234566,Fran Barrera,29/09/2021,1000
CC,80217951,Andres Barrera,23/09/1980,100000
CC,80223799,Edgar Barrera,20/04/1983,0
CC,432545,Juliana Correa,29/09/2021,1500000
TI,109234566,Fran Barrera,29/09/2021,1000
CC,80217951,Andres Barrera,23/09/1980,100000
CC,80223799,Edgar Barrera,20/04/1983,0
CC,432545,Juliana Correa,29/09/2021,1500000
TI,109234566,Fran Barrera,29/09/2021,1000
CC,80217951,Andres Barrera,23/09/1980,100000
CC,80223799,Edgar Barrera,20/04/1983,0
CC,432545,Juliana Correa,29/09/2021,1500000
TI,109234566,Fran Barrera,29/09/2021,1000
CC,80217951,Andres Barrera,23/09/1980,100000
CC,80223799,Edgar Barrera,20/04/1983,0
CC,432545,Juliana Correa,29/09/2021,1500000
TI,109234566,Fran Barrera,29/09/2021,1000
CC,80217951,Andres Barrera,23/09/1980,100000
CC,80223799,Edgar Barrera,20/04/1983,0
CC,432545,Juliana Correa,29/09/2021,1500000
TI,109234566,Fran Barrera,29/09/2021,1000
CC,80217951,Andres Barrera,23/09/1980,100000
CC,80223799,Edgar Barrera,20/04/1983,0
CC,432545,Juliana Correa,29/09/2021,1500000
TI,109234566,Fran Barrera,29/09/2021,1000
CC,80217951,Andres Barrera,23/09/1980,100000
CC,80223799,Edgar Barrera,20/04/1983,0
CC,432545,Juliana Correa,29/09/2021,1500000
TI,109234566,Fran Barrera,29/09/2021,1000
CC,80217951,Andres Barrera,23/09/1980,100000
CC,80223799,Edgar Barrera,20/04/1983,0
CC,432545,Juliana Correa,29/09/2021,1500000
TI,109234566,Fran Barrera,29/09/2021,1000
CC,80217951,Andres Barrera,23/09/1980,100000
CC,80223799,Edgar Barrera,20/04/1983,0
CC,432545,Juliana Correa,29/09/2021,1500000
TI,109234566,Fran Barrera,29/09/2021,1000
CC,80217951,Andres Barrera,23/09/1980,100000
CC,80223799,Edgar Barrera,20/04/1983,0
CC,432545,Juliana Correa,29/09/2021,1500000
TI,109234566,Fran Barrera,29/09/2021,1000
CC,80217951,Andres Barrera,23/09/1980,100000
CC,80223799,Edgar Barrera,20/04/1983,0
CC,432545,Juliana Correa,29/09/2021,1500000
TI,109234566,Fran Barrera,29/09/2021,1000
CC,80217951,Andres Barrera,23/09/1980,100000
CC,80223799,Edgar Barrera,20/04/1983,0
CC,432545,Juliana Correa,29/09/2021,1500000
TI,109234566,Fran Barrera,29/09/2021,1000
CC,80217951,Andres Barrera,23/09/1980,100000
CC,80223799,Edgar Barrera,20/04/1983,0
CC,432545,Juliana Correa,29/09/2021,1500000
TI,109234566,Fran Barrera,29/09/2021,1000
CC,80217951,Andres Barrera,23/09/1980,100000
CC,80223799,Edgar Barrera,20/04/1983,0
CC,432545,Juliana Correa,29/09/2021,1500000
TI,109234566,Fran Barrera,29/09/2021,1000
CC,80217951,Andres Barrera,23/09/1980,100000
CC,80223799,Edgar Barrera,20/04/1983,0
CC,432545,Juliana Correa,29/09/2021,1500000
TI,109234566,Fran Barrera,29/09/2021,1000
CC,80217951,Andres Barrera,23/09/1980,100000
CC,80223799,Edgar Barrera,20/04/1983,0
CC,432545,Juliana Correa,29/09/2021,1500000
TI,109234566,Fran Barrera,29/09/2021,1000
CC,80217951,Andres Barrera,23/09/1980,100000
CC,80223799,Edgar Barrera,20/04/1983,0
CC,432545,Juliana Correa,29/09/2021,1500000
TI,109234566,Fran Barrera,29/09/2021,1000
CC,80217951,Andres Barrera,23/09/1980,100000
CC,80223799,Edgar Barrera,20/04/1983,0
CC,432545,Juliana Correa,29/09/2021,1500000
TI,109234566,Fran Barrera,29/09/2021,1000
CC,80217951,Andres Barrera,23/09/1980,100000
CC,80223799,Edgar Barrera,20/04/1983,0
CC,432545,Juliana Correa,29/09/2021,1500000
TI,109234566,Fran Barrera,29/09/2021,1000
CC,80217951,Andres Barrera,23/09/1980,100000
CC,80223799,Edgar Barrera,20/04/1983,0
CC,432545,Juliana Correa,29/09/2021,1500000
TI,109234566,Fran Barrera,29/09/2021,1000
CC,80217951,Andres Barrera,23/09/1980,100000
CC,80223799,Edgar Barrera,20/04/1983,0
CC,432545,Juliana Correa,29/09/2021,1500000
TI,109234566,Fran Barrera,29/09/2021,1000
CC,80217951,Andres Barrera,23/09/1980,100000
CC,80223799,Edgar Barrera,20/04/1983,0
CC,432545,Juliana Correa,29/09/2021,1500000